n1,n2,state_one_configuration,state_one_term,state_two_configuration,state_two_term,operator,matrix_element_value,state_one_energy_au,state_two_energy_au,transition_energy_cm,wavelength_nm,transition_rate
1,1,5s 5p,3P0,5s 5p,3P1,M1,-1.70439,-0.55068371,-0.54983927,185.33,53957.05,1.6627E-04
1,2,5s 5p,3P0,5s 5p,3P2,E2,19.13608,-0.55068371,-0.54803568,581.17,17206.55,5.4383E-07
1,3,5s 5p,3P0,5s 5p,1P1,M1,-0.33452,-0.55068371,-0.51754587,7272.91,1374.96,3.8706E-01
1,4,5s 5p,3P0,5p 4d,3F2,E2,-21.80765,-0.55068371,-0.46381246,19066.03,524.49,2.6838E+01
1,5,5s 5p,3P0,5p 4d,3F3,M3,-351.72556,-0.55068371,-0.46223131,19413.06,515.12,7.6874E-10
1,6,5s 5p,3P0,5s 6p,3P1,M1,-0.28818,-0.55068371,-0.46180088,19507.53,512.62,5.5429E+00
1,7,5s 5p,3P0,5p 4d,2D2,E2,-5.75928,-0.55068371,-0.46161850,19547.55,511.57,2.1204E+00
1,8,5s 5p,3P0,5s 6p,3P2,E2,-19.20021,-0.55068371,-0.46126661,19624.78,509.56,2.4036E+01
1,9,5s 5p,3P0,5s 6p,1P1,M1,-0.28021,-0.55068371,-0.46072131,19744.46,506.47,5.4339E+00
1,11,5s 5p,3P0,5p 4d,3D1,M1,-0.29229,-0.55068371,-0.45059879,21966.10,455.25,8.1414E+00
1,12,5s 5p,3P0,5p 4d,3D2,E2,-11.72285,-0.55068371,-0.45005170,22086.17,452.77,1.6177E+01
2,1,5s 5p,3P1,5s 5p,3P1,E2,-13.65009,-0.54983927,-0.54983927,-0.00,186745811393.57,3.0626E-42
2,1,5s 5p,3P1,5s 5p,3P1,M1,4.08440,-0.54983927,-0.54983927,-0.00,186745811393.57,2.3031E-23
2,2,5s 5p,3P1,5s 5p,3P2,E2,48.97608,-0.54983927,-0.54803568,395.84,25262.63,5.2216E-07
2,2,5s 5p,3P1,5s 5p,3P2,M1,-2.11140,-0.54983927,-0.54803568,395.84,25262.63,1.4917E-03
2,2,5s 5p,3P1,5s 5p,3P2,M3,715.28786,-0.54983927,-0.54803568,395.84,25262.63,6.5231E-21
2,3,5s 5p,3P1,5s 5p,1P1,E2,5.76228,-0.54983927,-0.51754587,7087.58,1410.92,2.2170E-02
2,3,5s 5p,3P1,5s 5p,1P1,M1,0.44935,-0.54983927,-0.51754587,7087.58,1410.92,6.4636E-01
2,4,5s 5p,3P1,5p 4d,3F2,E2,28.57269,-0.54983927,-0.46381246,18880.70,529.64,4.3875E+01
2,4,5s 5p,3P1,5p 4d,3F2,M1,-0.53059,-0.54983927,-0.46381246,18880.70,529.64,1.0222E+01
2,4,5s 5p,3P1,5p 4d,3F2,M3,585.17617,-0.54983927,-0.46381246,18880.70,529.64,2.4521E-09
2,5,5s 5p,3P1,5p 4d,3F3,E2,-34.46671,-0.54983927,-0.46223131,19227.72,520.08,4.9950E+01
2,5,5s 5p,3P1,5p 4d,3F3,M3,1380.26509,-0.54983927,-0.46223131,19227.72,520.08,1.1070E-08
2,6,5s 5p,3P1,5s 6p,3P1,E2,-2.88610,-0.54983927,-0.46180088,19322.19,517.54,8.3749E-01
2,6,5s 5p,3P1,5s 6p,3P1,M1,0.41388,-0.54983927,-0.46180088,19322.19,517.54,1.1111E+01
2,7,5s 5p,3P1,5p 4d,2D2,E2,28.84060,-0.54983927,-0.46161850,19362.22,516.47,5.0701E+01
2,7,5s 5p,3P1,5p 4d,2D2,M1,-0.52583,-0.54983927,-0.46161850,19362.22,516.47,1.0827E+01
2,7,5s 5p,3P1,5p 4d,2D2,M3,578.76368,-0.54983927,-0.46161850,19362.22,516.47,2.8611E-09
2,8,5s 5p,3P1,5s 6p,3P2,E2,0.99301,-0.54983927,-0.46126661,19439.45,514.42,6.1314E-02
2,8,5s 5p,3P1,5s 6p,3P2,M1,-0.54428,-0.54983927,-0.46126661,19439.45,514.42,1.1740E+01
2,8,5s 5p,3P1,5s 6p,3P2,M3,501.53927,-0.54983927,-0.46126661,19439.45,514.42,2.2092E-09
2,9,5s 5p,3P1,5s 6p,1P1,E2,3.45848,-0.54983927,-0.46072131,19559.13,511.27,1.2782E+00
2,9,5s 5p,3P1,5s 6p,1P1,M1,0.40364,-0.54983927,-0.46072131,19559.13,511.27,1.0961E+01
2,10,5s 5p,3P1,5p 4d,3F4,M3,-576.01733,-0.54983927,-0.46071337,19560.87,511.22,1.6910E-09
2,11,5s 5p,3P1,5p 4d,3D1,E2,15.08730,-0.54983927,-0.45059879,21780.77,459.12,4.1655E+01
2,11,5s 5p,3P1,5p 4d,3D1,M1,0.41395,-0.54983927,-0.45059879,21780.77,459.12,1.5920E+01
2,12,5s 5p,3P1,5p 4d,3D2,E2,7.95603,-0.54983927,-0.45005170,21900.84,456.60,7.1437E+00
2,12,5s 5p,3P1,5p 4d,3D2,M1,-0.53135,-0.54983927,-0.45005170,21900.84,456.60,1.6000E+01
2,12,5s 5p,3P1,5p 4d,3D2,M3,537.54828,-0.54983927,-0.45005170,21900.84,456.60,5.8466E-09
3,1,5s 5p,3P2,5s 5p,3P1,E2,-43.69594,-0.54803568,-0.54983927,-395.84,25262.63,4.1564E-07
3,1,5s 5p,3P2,5s 5p,3P1,M1,0.65949,-0.54803568,-0.54983927,-395.84,25262.63,1.4553E-04
3,1,5s 5p,3P2,5s 5p,3P1,M3,-805.46119,-0.54803568,-0.54983927,-395.84,25262.63,8.2714E-21
3,2,5s 5p,3P2,5s 5p,3P2,E2,51.54913,-0.54803568,-0.54803568,-0.00,204967690224.16,1.6453E-41
3,2,5s 5p,3P2,5s 5p,3P2,M1,8.74694,-0.54803568,-0.54803568,-0.00,204967690224.16,4.7932E-23
3,2,5s 5p,3P2,5s 5p,3P2,M3,-756.07962,-0.54803568,-0.54803568,-0.00,204967690224.16,3.1490E-69
3,3,5s 5p,3P2,5s 5p,1P1,E2,-8.55557,-0.54803568,-0.51754587,6691.74,1494.38,3.6667E-02
3,3,5s 5p,3P2,5s 5p,1P1,M1,-0.87159,-0.54803568,-0.51754587,6691.74,1494.38,2.0467E+00
3,3,5s 5p,3P2,5s 5p,1P1,M3,-878.46492,-0.54803568,-0.51754587,6691.74,1494.38,6.4701E-12
3,4,5s 5p,3P2,5p 4d,3F2,E2,12.75249,-0.54803568,-0.46381246,18484.86,540.98,7.8614E+00
3,4,5s 5p,3P2,5p 4d,3F2,M1,0.52924,-0.54803568,-0.46381246,18484.86,540.98,9.5439E+00
3,4,5s 5p,3P2,5p 4d,3F2,M3,-965.08140,-0.54803568,-0.46381246,18484.86,540.98,5.7502E-09
3,5,5s 5p,3P2,5p 4d,3F3,E2,31.47846,-0.54803568,-0.46223131,18831.88,531.01,3.7549E+01
3,5,5s 5p,3P2,5p 4d,3F3,M1,-0.70302,-0.54803568,-0.46223131,18831.88,531.01,1.2719E+01
3,5,5s 5p,3P2,5p 4d,3F3,M3,1137.06521,-0.54803568,-0.46223131,18831.88,531.01,6.4944E-09
3,6,5s 5p,3P2,5s 6p,3P1,E2,-26.07907,-0.54803568,-0.46180088,18926.35,528.36,6.1659E+01
3,6,5s 5p,3P2,5s 6p,3P1,M1,-0.90421,-0.54803568,-0.46180088,18926.35,528.36,4.9838E+01
3,6,5s 5p,3P2,5s 6p,3P1,M3,-715.73972,-0.54803568,-0.46180088,18926.35,528.36,6.2182E-09
3,7,5s 5p,3P2,5p 4d,2D2,E2,25.70106,-0.54803568,-0.46161850,18966.38,527.25,3.6312E+01
3,7,5s 5p,3P2,5p 4d,2D2,M1,0.53510,-0.54803568,-0.46161850,18966.38,527.25,1.0539E+01
3,7,5s 5p,3P2,5p 4d,2D2,M3,-844.15614,-0.54803568,-0.46161850,18966.38,527.25,5.2672E-09
3,8,5s 5p,3P2,5s 6p,3P2,E2,3.38842,-0.54803568,-0.46126661,19043.61,525.11,6.4412E-01
3,8,5s 5p,3P2,5s 6p,3P2,M1,0.53383,-0.54803568,-0.46126661,19043.61,525.11,1.0618E+01
3,8,5s 5p,3P2,5s 6p,3P2,M3,-999.77412,-0.54803568,-0.46126661,19043.61,525.11,7.6013E-09
3,9,5s 5p,3P2,5s 6p,1P1,E2,-12.58277,-0.54803568,-0.46072131,19163.29,521.83,1.5275E+01
3,9,5s 5p,3P2,5s 6p,1P1,M1,-0.92694,-0.54803568,-0.46072131,19163.29,521.83,5.4366E+01
3,9,5s 5p,3P2,5s 6p,1P1,M3,-775.47492,-0.54803568,-0.46072131,19163.29,521.83,7.9637E-09
3,10,5s 5p,3P2,5p 4d,3F4,E2,-46.96412,-0.54803568,-0.46071337,19165.03,521.78,7.0964E+01
3,10,5s 5p,3P2,5p 4d,3F4,M3,1326.29281,-0.54803568,-0.46071337,19165.03,521.78,7.7699E-09
3,11,5s 5p,3P2,5p 4d,3D1,E2,-10.97973,-0.54803568,-0.45059879,21384.93,467.62,2.0128E+01
3,11,5s 5p,3P2,5p 4d,3D1,M1,-0.92206,-0.54803568,-0.45059879,21384.93,467.62,7.4758E+01
3,11,5s 5p,3P2,5p 4d,3D1,M3,-649.82969,-0.54803568,-0.45059879,21384.93,467.62,1.2052E-08
3,12,5s 5p,3P2,5p 4d,3D2,E2,27.08968,-0.54803568,-0.45005170,21505.00,465.01,7.5602E+01
3,12,5s 5p,3P2,5p 4d,3D2,M1,0.53376,-0.54803568,-0.45005170,21505.00,465.01,1.5285E+01
3,12,5s 5p,3P2,5p 4d,3D2,M3,-944.66330,-0.54803568,-0.45005170,21505.00,465.01,1.5892E-08
4,1,5s 5p,1P1,5s 5p,3P1,E2,8.66330,-0.51754589,-0.54983927,-7087.58,1410.92,5.0111E-02
4,1,5s 5p,1P1,5s 5p,3P1,M1,0.37395,-0.51754589,-0.54983927,-7087.58,1410.92,4.4765E-01
4,2,5s 5p,1P1,5s 5p,3P2,E2,11.15002,-0.51754589,-0.54803568,-6691.74,1494.38,6.2276E-02
4,2,5s 5p,1P1,5s 5p,3P2,M1,-0.48256,-0.51754589,-0.54803568,-6691.74,1494.38,6.2739E-01
4,2,5s 5p,1P1,5s 5p,3P2,M3,377.49804,-0.51754589,-0.54803568,-6691.74,1494.38,1.1948E-12
4,3,5s 5p,1P1,5s 5p,1P1,E2,-28.25597,-0.51754589,-0.51754587,0.00,2775700109.80,1.8090E-32
4,3,5s 5p,1P1,5s 5p,1P1,M1,-2.03901,-0.51754589,-0.51754587,0.00,2775700109.80,1.7480E-18
4,4,5s 5p,1P1,5p 4d,3F2,E2,22.78970,-0.51754589,-0.46381246,11793.12,847.95,2.6537E+00
4,4,5s 5p,1P1,5p 4d,3F2,M1,-0.53168,-0.51754589,-0.46381246,11793.12,847.95,2.5012E+00
4,4,5s 5p,1P1,5p 4d,3F2,M3,591.12201,-0.51754589,-0.46381246,11793.12,847.95,9.2810E-11
4,5,5s 5p,1P1,5p 4d,3F3,E2,-7.31335,-0.51754589,-0.46223131,12140.15,823.71,2.2566E-01
4,5,5s 5p,1P1,5p 4d,3F3,M3,1449.85715,-0.51754589,-0.46223131,12140.15,823.71,4.8857E-10
4,6,5s 5p,1P1,5s 6p,3P1,E2,20.50708,-0.51754589,-0.46180088,12234.61,817.35,4.3036E+00
4,6,5s 5p,1P1,5s 6p,3P1,M1,0.40162,-0.51754589,-0.46180088,12234.61,817.35,2.6559E+00
4,7,5s 5p,1P1,5p 4d,2D2,E2,-6.30819,-0.51754589,-0.46161850,12274.64,814.69,2.4836E-01
4,7,5s 5p,1P1,5p 4d,2D2,M1,-0.52384,-0.51754589,-0.46161850,12274.64,814.69,2.7377E+00
4,7,5s 5p,1P1,5p 4d,2D2,M3,456.95800,-0.51754589,-0.46161850,12274.64,814.69,7.3393E-11
4,8,5s 5p,1P1,5s 6p,3P2,E2,1.00287,-0.51754589,-0.46126661,12351.87,809.59,6.4771E-03
4,8,5s 5p,1P1,5s 6p,3P2,M1,-0.54184,-0.51754589,-0.46126661,12351.87,809.59,2.9847E+00
4,8,5s 5p,1P1,5s 6p,3P2,M3,743.98535,-0.51754589,-0.46126661,12351.87,809.59,2.0328E-10
4,9,5s 5p,1P1,5s 6p,1P1,E2,-32.43392,-0.51754589,-0.46072131,12471.55,801.82,1.1849E+01
4,9,5s 5p,1P1,5s 6p,1P1,M1,0.40875,-0.51754589,-0.46072131,12471.55,801.82,2.9140E+00
4,10,5s 5p,1P1,5p 4d,3F4,M3,-751.59783,-0.51754589,-0.46071337,12473.29,801.71,1.2343E-10
4,11,5s 5p,1P1,5p 4d,3D1,E2,6.19997,-0.51754589,-0.45059879,14693.19,680.59,9.8274E-01
4,11,5s 5p,1P1,5p 4d,3D1,M1,0.41856,-0.51754589,-0.45059879,14693.19,680.59,4.9967E+00
4,12,5s 5p,1P1,5p 4d,3D2,E2,12.50326,-0.51754589,-0.45005170,14813.26,675.07,2.4976E+00
4,12,5s 5p,1P1,5p 4d,3D2,M1,-0.51853,-0.51754589,-0.45005170,14813.26,675.07,4.7149E+00
4,12,5s 5p,1P1,5p 4d,3D2,M3,562.48717,-0.51754589,-0.45005170,14813.26,675.07,4.1459E-10
5,1,5p 4d,3F2,5s 5p,3P1,E2,8.86693,-0.46381246,-0.54983927,-18880.70,529.64,4.2254E+00
5,1,5p 4d,3F2,5s 5p,3P1,M1,-0.91963,-0.46381246,-0.54983927,-18880.70,529.64,3.0708E+01
5,1,5p 4d,3F2,5s 5p,3P1,M3,-670.78036,-0.46381246,-0.54983927,-18880.70,529.64,3.2220E-09
5,2,5p 4d,3F2,5s 5p,3P2,E2,25.41386,-0.46381246,-0.54803568,-18484.86,540.98,3.1221E+01
5,2,5p 4d,3F2,5s 5p,3P2,M1,0.53364,-0.46381246,-0.54803568,-18484.86,540.98,9.7030E+00
5,2,5p 4d,3F2,5s 5p,3P2,M3,-938.63479,-0.46381246,-0.54803568,-18484.86,540.98,5.4393E-09
5,3,5p 4d,3F2,5s 5p,1P1,E2,-17.51075,-0.46381246,-0.51754587,-11793.12,847.95,1.5667E+00
5,3,5p 4d,3F2,5s 5p,1P1,M1,-0.92024,-0.46381246,-0.51754587,-11793.12,847.95,7.4931E+00
5,3,5p 4d,3F2,5s 5p,1P1,M3,-681.29647,-0.46381246,-0.51754587,-11793.12,847.95,1.2329E-10
5,4,5p 4d,3F2,5p 4d,3F2,E2,-4.86054,-0.46381246,-0.46381246,0.00,645782290621.95,4.7116E-46
5,4,5p 4d,3F2,5p 4d,3F2,M1,-3.48858,-0.46381246,-0.46381246,0.00,645782290621.95,2.4378E-25
5,4,5p 4d,3F2,5p 4d,3F2,M3,-962.32691,-0.46381246,-0.46381246,0.00,645782290621.95,1.6553E-72
5,5,5p 4d,3F2,5p 4d,3F3,E2,-8.89815,-0.46381246,-0.46223131,347.02,28816.65,6.3750E-09
5,5,5p 4d,3F2,5p 4d,3F3,M1,1.60738,-0.46381246,-0.46223131,347.02,28816.65,4.1605E-04
5,5,5p 4d,3F2,5p 4d,3F3,M3,1127.23094,-0.46381246,-0.46223131,347.02,28816.65,4.6050E-21
5,6,5p 4d,3F2,5s 6p,3P1,E2,-10.84819,-0.46381246,-0.46180088,441.49,22650.55,7.3688E-08
5,6,5p 4d,3F2,5s 6p,3P1,M1,-0.87240,-0.46381246,-0.46180088,441.49,22650.55,5.8886E-04
5,6,5p 4d,3F2,5s 6p,3P1,M3,-673.99134,-0.46381246,-0.46180088,441.49,22650.55,2.0723E-20
5,7,5p 4d,3F2,5p 4d,2D2,E2,1.96073,-0.46381246,-0.46161850,481.52,20767.61,2.2291E-09
5,7,5p 4d,3F2,5p 4d,2D2,M1,1.20995,-0.46381246,-0.46161850,481.52,20767.61,8.8174E-04
5,7,5p 4d,3F2,5p 4d,2D2,M3,-909.29705,-0.46381246,-0.46161850,481.52,20767.61,4.1548E-20
5,8,5p 4d,3F2,5s 6p,3P2,E2,1.91033,-0.46381246,-0.46126661,558.75,17897.14,4.4517E-09
5,8,5p 4d,3F2,5s 6p,3P2,M1,0.82935,-0.46381246,-0.46126661,558.75,17897.14,6.4728E-04
5,8,5p 4d,3F2,5s 6p,3P2,M3,-960.99811,-0.46381246,-0.46126661,558.75,17897.14,1.3146E-19
5,9,5p 4d,3F2,5s 6p,1P1,E2,-3.68774,-0.46381246,-0.46072131,678.43,14739.95,7.2965E-08
5,9,5p 4d,3F2,5s 6p,1P1,M1,-0.90460,-0.46381246,-0.46072131,678.43,14739.95,2.2974E-03
5,9,5p 4d,3F2,5s 6p,1P1,M3,-700.32870,-0.46381246,-0.46072131,678.43,14739.95,4.5271E-19
5,10,5p 4d,3F2,5p 4d,3F4,E2,-14.98641,-0.46381246,-0.46071337,680.17,14702.18,4.0686E-07
5,10,5p 4d,3F2,5p 4d,3F4,M3,1440.04886,-0.46381246,-0.46071337,680.17,14702.18,6.4960E-19
5,11,5p 4d,3F2,5p 4d,3D1,E2,9.34040,-0.46381246,-0.45059879,2900.07,3448.20,6.6811E-04
5,11,5p 4d,3F2,5p 4d,3D1,M1,-0.97571,-0.46381246,-0.45059879,2900.07,3448.20,2.0877E-01
5,11,5p 4d,3F2,5p 4d,3D1,M3,-692.62524,-0.46381246,-0.45059879,2900.07,3448.20,1.1549E-14
5,12,5p 4d,3F2,5p 4d,3D2,E2,35.61754,-0.46381246,-0.45005170,3020.14,3311.11,7.1399E-03
5,12,5p 4d,3F2,5p 4d,3D2,M1,0.46997,-0.46381246,-0.45005170,3020.14,3311.11,3.2823E-02
5,12,5p 4d,3F2,5p 4d,3D2,M3,-971.01406,-0.46381246,-0.45005170,3020.14,3311.11,1.8092E-14
6,1,5p 4d,3F3,5s 5p,3P1,E2,-12.70938,-0.46223131,-0.54983927,-19227.72,520.08,6.7919E+00
6,1,5p 4d,3F3,5s 5p,3P1,M3,507.66175,-0.46223131,-0.54983927,-19227.72,520.08,1.4975E-09
6,2,5p 4d,3F3,5s 5p,3P2,E2,-27.52608,-0.46223131,-0.54803568,-18831.88,531.01,2.8712E+01
6,2,5p 4d,3F3,5s 5p,3P2,M1,-0.99424,-0.46223131,-0.54803568,-18831.88,531.01,2.5439E+01
6,2,5p 4d,3F3,5s 5p,3P2,M3,-2369.52041,-0.46223131,-0.54803568,-18831.88,531.01,2.8203E-08
6,3,5p 4d,3F3,5s 5p,1P1,E2,12.54410,-0.46223131,-0.51754587,-12140.14,823.71,6.6389E-01
6,3,5p 4d,3F3,5s 5p,1P1,M3,626.76638,-0.46223131,-0.51754587,-12140.14,823.71,9.1304E-11
6,4,5p 4d,3F3,5p 4d,3F2,E2,-31.93366,-0.46223131,-0.46381246,-347.02,28816.65,8.2107E-08
6,4,5p 4d,3F3,5p 4d,3F2,M1,1.31618,-0.46223131,-0.46381246,-347.02,28816.65,2.7896E-04
6,4,5p 4d,3F3,5p 4d,3F2,M3,-2303.44746,-0.46223131,-0.46381246,-347.02,28816.65,1.9229E-20
6,5,5p 4d,3F3,5p 4d,3F3,E2,71.61430,-0.46223131,-0.46223131,0.00,1199409053160.73,3.3057E-45
6,5,5p 4d,3F3,5p 4d,3F3,M1,10.55965,-0.46223131,-0.46223131,0.00,1199409053160.73,2.4902E-25
6,5,5p 4d,3F3,5p 4d,3F3,M3,-885.92826,-0.46223131,-0.46223131,0.00,1199409053160.73,1.3144E-74
6,6,5p 4d,3F3,5s 6p,3P1,E2,9.35831,-0.46223131,-0.46180088,94.47,105855.09,2.4599E-11
6,6,5p 4d,3F3,5s 6p,3P1,M3,589.01449,-0.46223131,-0.46180088,94.47,105855.09,3.2506E-25
6,7,5p 4d,3F3,5p 4d,2D2,E2,-19.73339,-0.46223131,-0.46161850,134.50,74350.88,3.8389E-10
6,7,5p 4d,3F3,5p 4d,2D2,M1,-0.00239,-0.46223131,-0.46161850,134.50,74350.88,7.4882E-11
6,7,5p 4d,3F3,5p 4d,2D2,M3,-2230.45315,-0.46223131,-0.46161850,134.50,74350.88,3.3161E-23
6,8,5p 4d,3F3,5s 6p,3P2,E2,-11.66925,-0.46223131,-0.46126661,211.73,47230.69,1.2978E-09
6,8,5p 4d,3F3,5s 6p,3P2,M1,-0.41080,-0.46223131,-0.46126661,211.73,47230.69,8.6409E-06
6,8,5p 4d,3F3,5s 6p,3P2,M3,-2230.97360,-0.46223131,-0.46126661,211.73,47230.69,7.9480E-22
6,9,5p 4d,3F3,5s 6p,1P1,E2,10.53308,-0.46223131,-0.46072131,331.41,30174.42,1.6557E-08
6,9,5p 4d,3F3,5s 6p,1P1,M3,560.82627,-0.46223131,-0.46072131,331.41,30174.42,1.9270E-21
6,10,5p 4d,3F3,5p 4d,3F4,E2,40.57984,-0.46223131,-0.46071337,333.15,30016.56,8.4095E-08
6,10,5p 4d,3F3,5p 4d,3F4,M1,-3.43992,-0.46223131,-0.46071337,333.15,30016.56,1.3113E-03
6,10,5p 4d,3F3,5p 4d,3F4,M3,1530.26017,-0.46223131,-0.46071337,333.15,30016.56,4.9610E-21
6,11,5p 4d,3F3,5p 4d,3D1,E2,29.76465,-0.46223131,-0.45059879,2553.04,3916.89,3.5873E-03
6,11,5p 4d,3F3,5p 4d,3D1,M3,501.38250,-0.46223131,-0.45059879,2553.04,3916.89,2.4799E-15
6,12,5p 4d,3F3,5p 4d,3D2,E2,-29.54711,-0.46223131,-0.45005170,2673.12,3740.95,2.6690E-03
6,12,5p 4d,3F3,5p 4d,3D2,M1,-0.99100,-0.46223131,-0.45005170,2673.12,3740.95,1.0120E-01
6,12,5p 4d,3F3,5p 4d,3D2,M3,-2396.82764,-0.46223131,-0.45005170,2673.12,3740.95,4.6907E-14
7,1,5s 6p,3P0,5s 5p,3P1,M1,-0.28531,-0.46187444,-0.54983927,-19306.05,517.97,1.5800E+01
7,2,5s 6p,3P0,5s 5p,3P2,E2,-18.33064,-0.46187444,-0.54803568,-18910.21,528.81,9.0999E+01
7,3,5s 6p,3P0,5s 5p,1P1,M1,-0.27882,-0.46187444,-0.51754587,-12218.47,818.43,3.8250E+00
7,4,5s 6p,3P0,5p 4d,3F2,E2,0.86068,-0.46187444,-0.46381246,-425.35,23510.31,1.1550E-09
7,5,5s 6p,3P0,5p 4d,3F3,M3,-426.38341,-0.46187444,-0.46223131,-78.32,127675.27,1.3761E-25
7,6,5s 6p,3P0,5s 6p,3P1,M1,1.06219,-0.46187444,-0.46180088,16.15,619384.78,4.2691E-08
7,7,5s 6p,3P0,5p 4d,2D2,E2,-70.27022,-0.46187444,-0.46161850,56.17,178019.28,6.1864E-11
7,8,5s 6p,3P0,5s 6p,3P2,E2,96.13402,-0.46187444,-0.46126661,133.40,74960.81,8.7460E-09
7,9,5s 6p,3P0,5s 6p,1P1,M1,0.11847,-0.46187444,-0.46072131,253.08,39512.76,2.0455E-06
7,11,5s 6p,3P0,5p 4d,3D1,M1,-0.29919,-0.46187444,-0.45059879,2474.72,4040.86,1.2198E-02
7,12,5s 6p,3P0,5p 4d,3D2,E2,2.55589,-0.46187444,-0.45005170,2594.79,3853.87,1.7212E-05
8,1,5s 6p,3P1,5s 5p,3P1,E2,17.31241,-0.46180088,-0.54983927,-19322.19,517.54,3.0135E+01
8,1,5s 6p,3P1,5s 5p,3P1,M1,0.40942,-0.46180088,-0.54983927,-19322.19,517.54,1.0872E+01
8,2,5s 6p,3P1,5s 5p,3P2,E2,-6.37369,-0.46180088,-0.54803568,-18926.35,528.36,3.6829E+00
8,2,5s 6p,3P1,5s 5p,3P2,M1,-0.51517,-0.46180088,-0.54803568,-18926.35,528.36,1.6178E+01
8,2,5s 6p,3P1,5s 5p,3P2,M3,540.21299,-0.46180088,-0.54803568,-18926.35,528.36,3.5423E-09
8,3,5s 6p,3P1,5s 5p,1P1,E2,20.50787,-0.46180088,-0.51754587,-12234.61,817.35,4.3040E+00
8,3,5s 6p,3P1,5s 5p,1P1,M1,0.40162,-0.46180088,-0.51754587,-12234.61,817.35,2.6559E+00
8,4,5s 6p,3P1,5p 4d,3F2,E2,16.12873,-0.46180088,-0.46381246,-441.49,22650.53,1.6289E-07
8,4,5s 6p,3P1,5p 4d,3F2,M1,-0.57952,-0.46180088,-0.46381246,-441.49,22650.53,2.5985E-04
8,4,5s 6p,3P1,5p 4d,3F2,M3,583.81807,-0.46180088,-0.46381246,-441.49,22650.53,1.5549E-20
8,5,5s 6p,3P1,5p 4d,3F3,E2,-4.12584,-0.46180088,-0.46223131,-94.47,105854.73,4.7814E-12
8,5,5s 6p,3P1,5p 4d,3F3,M3,1487.60710,-0.46180088,-0.46223131,-94.47,105854.73,2.0734E-24
8,6,5s 6p,3P1,5s 6p,3P1,E2,85.83481,-0.46180088,-0.46180088,-0.00,30226197942.46,1.0902E-36
8,6,5s 6p,3P1,5s 6p,3P1,M1,-3.15923,-0.46180088,-0.46180088,-0.00,30226197942.46,3.2496E-21
8,7,5s 6p,3P1,5p 4d,2D2,E2,-86.65589,-0.46180088,-0.46161850,40.03,249823.20,1.7285E-11
8,7,5s 6p,3P1,5p 4d,2D2,M1,0.31849,-0.46180088,-0.46161850,40.03,249823.20,3.5095E-08
8,7,5s 6p,3P1,5p 4d,2D2,M3,362.45601,-0.46180088,-0.46161850,40.03,249823.20,1.8110E-28
8,8,5s 6p,3P1,5s 6p,3P2,E2,154.32384,-0.46180088,-0.46126661,117.26,85282.28,1.1825E-08
8,8,5s 6p,3P1,5s 6p,3P2,M1,-1.78228,-0.46180088,-0.46126661,117.26,85282.28,2.7627E-05
8,8,5s 6p,3P1,5s 6p,3P2,M3,893.92582,-0.46180088,-0.46126661,117.26,85282.28,2.0391E-24
8,9,5s 6p,3P1,5s 6p,1P1,E2,91.07876,-0.46180088,-0.46072131,236.94,42205.24,2.3125E-07
8,9,5s 6p,3P1,5s 6p,1P1,M1,0.07178,-0.46180088,-0.46072131,236.94,42205.24,6.1614E-07
8,10,5s 6p,3P1,5p 4d,3F4,M3,-694.77153,-0.46180088,-0.46071337,238.68,41897.04,9.9076E-23
8,11,5s 6p,3P1,5p 4d,3D1,E2,3.69100,-0.46180088,-0.45059879,2458.58,4067.40,4.5686E-05
8,11,5s 6p,3P1,5p 4d,3D1,M1,0.43561,-0.46180088,-0.45059879,2458.58,4067.40,2.5355E-02
8,12,5s 6p,3P1,5p 4d,3D2,E2,20.46212,-0.46180088,-0.45005170,2578.65,3878.00,1.0693E-03
8,12,5s 6p,3P1,5p 4d,3D2,M1,-0.51375,-0.46180088,-0.45005170,2578.65,3878.00,2.4414E-02
8,12,5s 6p,3P1,5p 4d,3D2,M3,616.05180,-0.46180088,-0.45005170,2578.65,3878.00,2.4089E-15
9,1,5p 4d,2D2,5s 5p,3P1,E2,9.13539,-0.46161850,-0.54983927,-19362.22,516.47,5.0870E+00
9,1,5p 4d,2D2,5s 5p,3P1,M1,-0.91486,-0.46161850,-0.54983927,-19362.22,516.47,3.2775E+01
9,1,5p 4d,2D2,5s 5p,3P1,M3,-677.18966,-0.46161850,-0.54983927,-19362.22,516.47,3.9169E-09
9,2,5p 4d,2D2,5s 5p,3P2,E2,12.46541,-0.46161850,-0.54803568,-18966.38,527.25,8.5421E+00
9,2,5p 4d,2D2,5s 5p,3P2,M1,0.52778,-0.46161850,-0.54803568,-18966.38,527.25,1.0252E+01
9,2,5p 4d,2D2,5s 5p,3P2,M3,-1059.56085,-0.46161850,-0.54803568,-18966.38,527.25,8.2982E-09
9,3,5p 4d,2D2,5s 5p,1P1,E2,11.58997,-0.46161850,-0.51754587,-12274.64,814.69,8.3837E-01
9,3,5p 4d,2D2,5s 5p,1P1,M1,-0.92806,-0.46161850,-0.51754587,-12274.64,814.69,8.5931E+00
9,3,5p 4d,2D2,5s 5p,1P1,M3,-547.12520,-0.46161850,-0.51754587,-12274.64,814.69,1.0521E-10
9,4,5p 4d,2D2,5p 4d,3F2,E2,1.95995,-0.46161850,-0.46381246,-481.52,20767.60,2.2273E-09
9,4,5p 4d,2D2,5p 4d,3F2,M1,1.20995,-0.46161850,-0.46381246,-481.52,20767.60,8.8175E-04
9,4,5p 4d,2D2,5p 4d,3F2,M3,-909.29642,-0.46161850,-0.46381246,-481.52,20767.60,4.1548E-20
9,5,5p 4d,2D2,5p 4d,3F3,E2,3.30243,-0.46161850,-0.46223131,-134.50,74350.77,1.0751E-11
9,5,5p 4d,2D2,5p 4d,3F3,M1,0.28882,-0.46161850,-0.46223131,-134.50,74350.77,1.0949E-06
9,5,5p 4d,2D2,5p 4d,3F3,M3,1200.22901,-0.46161850,-0.46223131,-134.50,74350.77,9.6022E-24
9,6,5p 4d,2D2,5s 6p,3P1,E2,91.93631,-0.46161850,-0.46180088,-40.03,249819.90,1.9457E-11
9,6,5p 4d,2D2,5s 6p,3P1,M1,-1.77041,-0.46161850,-0.46180088,-40.03,249819.90,1.0845E-06
9,6,5p 4d,2D2,5s 6p,3P1,M3,-452.62815,-0.46161850,-0.46180088,-40.03,249819.90,2.8244E-28
9,7,5p 4d,2D2,5p 4d,2D2,E2,-22.89875,-0.46161850,-0.46161850,-0.00,50582916751.83,3.5468E-39
9,7,5p 4d,2D2,5p 4d,2D2,M1,-5.54276,-0.46161850,-0.46161850,-0.00,50582916751.83,1.2806E-21
9,7,5p 4d,2D2,5p 4d,2D2,M3,-1217.94490,-0.46161850,-0.46161850,-0.00,50582916751.83,1.4658E-64
9,8,5p 4d,2D2,5s 6p,3P2,E2,98.06967,-0.46161850,-0.46126661,77.23,129484.79,5.9184E-10
9,8,5p 4d,2D2,5s 6p,3P2,M1,1.95926,-0.46161850,-0.46126661,77.23,129484.79,9.5388E-06
9,8,5p 4d,2D2,5s 6p,3P2,M3,-496.24488,-0.46161850,-0.46126661,77.23,129484.79,3.3783E-26
9,9,5p 4d,2D2,5s 6p,1P1,E2,15.63374,-0.46161850,-0.46072131,196.91,50784.90,2.7010E-09
9,9,5p 4d,2D2,5s 6p,1P1,M1,-1.17628,-0.46161850,-0.46072131,196.91,50784.90,9.4980E-05
9,9,5p 4d,2D2,5s 6p,1P1,M3,-73.09848,-0.46161850,-0.46072131,196.91,50784.90,8.5578E-25
9,10,5p 4d,2D2,5p 4d,3F4,E2,-9.80812,-0.46161850,-0.46071337,198.65,50339.33,3.7033E-10
9,10,5p 4d,2D2,5p 4d,3F4,M3,1682.44236,-0.46161850,-0.46071337,198.65,50339.33,1.6073E-22
9,11,5p 4d,2D2,5p 4d,3D1,E2,0.06942,-0.46161850,-0.45059879,2418.55,4134.71,1.4887E-08
9,11,5p 4d,2D2,5p 4d,3D1,M1,-0.93078,-0.46161850,-0.45059879,2418.55,4134.71,1.1020E-01
9,11,5p 4d,2D2,5p 4d,3D1,M3,-698.90837,-0.46161850,-0.45059879,2418.55,4134.71,3.2992E-15
9,12,5p 4d,2D2,5p 4d,3D2,E2,25.29631,-0.46161850,-0.45005170,2538.62,3939.15,1.5112E-03
9,12,5p 4d,2D2,5p 4d,3D2,M1,0.51514,-0.46161850,-0.45005170,2538.62,3939.15,2.3421E-02
9,12,5p 4d,2D2,5p 4d,3D2,M3,-1056.62577,-0.46161850,-0.45005170,2538.62,3939.15,6.3513E-15
10,1,5s 6p,3P2,5s 5p,3P1,E2,4.28787,-0.46126661,-0.54983927,-19439.45,514.42,1.1432E+00
10,1,5s 6p,3P2,5s 5p,3P1,M1,-0.90764,-0.46126661,-0.54983927,-19439.45,514.42,3.2647E+01
10,1,5s 6p,3P2,5s 5p,3P1,M3,-591.70926,-0.46126661,-0.54983927,-19439.45,514.42,3.0750E-09
10,2,5s 6p,3P2,5s 5p,3P2,E2,3.38836,-0.46126661,-0.54803568,-19043.61,525.11,6.4410E-01
10,2,5s 6p,3P2,5s 5p,3P2,M1,0.53383,-0.46126661,-0.54803568,-19043.61,525.11,1.0618E+01
10,2,5s 6p,3P2,5s 5p,3P2,M3,-999.77722,-0.46126661,-0.54803568,-19043.61,525.11,7.6014E-09
10,3,5s 6p,3P2,5s 5p,1P1,E2,-18.70395,-0.46126661,-0.51754587,-12351.87,809.59,2.2530E+00
10,3,5s 6p,3P2,5s 5p,1P1,M1,-0.93089,-0.46126661,-0.51754587,-12351.87,809.59,8.8096E+00
10,3,5s 6p,3P2,5s 5p,1P1,M3,-511.96786,-0.46126661,-0.51754587,-12351.87,809.59,9.6262E-11
10,4,5s 6p,3P2,5p 4d,3F2,E2,36.25539,-0.46126661,-0.46381246,-558.75,17897.13,1.6035E-06
10,4,5s 6p,3P2,5p 4d,3F2,M1,0.23353,-0.46126661,-0.46381246,-558.75,17897.13,5.1321E-05
10,4,5s 6p,3P2,5p 4d,3F2,M3,-942.71828,-0.46126661,-0.46381246,-558.75,17897.13,1.2651E-19
10,5,5s 6p,3P2,5p 4d,3F3,E2,15.62160,-0.46126661,-0.46223131,-211.73,47230.62,2.3257E-09
10,5,5s 6p,3P2,5p 4d,3F3,M1,-1.28646,-0.46126661,-0.46223131,-211.73,47230.62,8.4740E-05
10,5,5s 6p,3P2,5p 4d,3F3,M3,998.51739,-0.46126661,-0.46223131,-211.73,47230.62,1.5922E-22
10,6,5s 6p,3P2,5s 6p,3P1,E2,134.61875,-0.46126661,-0.46180088,-117.26,85281.81,8.9982E-09
10,6,5s 6p,3P2,5s 6p,3P1,M1,-2.17131,-0.46126661,-0.46180088,-117.26,85281.81,4.1006E-05
10,6,5s 6p,3P2,5s 6p,3P1,M3,-362.02781,-0.46126661,-0.46180088,-117.26,85281.81,3.3445E-25
10,7,5s 6p,3P2,5p 4d,2D2,E2,-59.90381,-0.46126661,-0.46161850,-77.23,129483.94,2.2083E-10
10,7,5s 6p,3P2,5p 4d,2D2,M1,-0.89639,-0.46126661,-0.46161850,-77.23,129483.94,1.9967E-06
10,7,5s 6p,3P2,5p 4d,2D2,M3,-1407.46770,-0.46126661,-0.46161850,-77.23,129483.94,2.7177E-25
10,8,5s 6p,3P2,5s 6p,3P2,E2,127.35022,-0.46126661,-0.46126661,-0.00,32403852750.75,1.0168E-36
10,8,5s 6p,3P2,5s 6p,3P2,M1,7.78870,-0.46126661,-0.46126661,-0.00,32403852750.75,9.6185E-21
10,8,5s 6p,3P2,5s 6p,3P2,M3,-284.35710,-0.46126661,-0.46126661,-0.00,32403852750.75,1.8046E-64
10,9,5s 6p,3P2,5s 6p,1P1,E2,42.81305,-0.46126661,-0.46072131,119.68,83556.52,1.6801E-09
10,9,5s 6p,3P2,5s 6p,1P1,M1,-1.29951,-0.46126661,-0.46072131,119.68,83556.52,2.6028E-05
10,9,5s 6p,3P2,5s 6p,1P1,M3,247.87833,-0.46126661,-0.46072131,119.68,83556.52,3.0151E-25
10,10,5s 6p,3P2,5p 4d,3F4,E2,-1.88920,-0.46126661,-0.46071337,121.42,82357.15,1.1722E-12
10,10,5s 6p,3P2,5p 4d,3F4,M3,1398.71317,-0.46126661,-0.46071337,121.42,82357.15,3.5409E-24
10,11,5s 6p,3P2,5p 4d,3D1,E2,-13.22520,-0.46126661,-0.45059879,2341.32,4271.10,4.5939E-04
10,11,5s 6p,3P2,5p 4d,3D1,M1,-0.92662,-0.46126661,-0.45059879,2341.32,4271.10,9.9083E-02
10,11,5s 6p,3P2,5p 4d,3D1,M3,-623.55958,-0.46126661,-0.45059879,2341.32,4271.10,2.0925E-15
10,12,5s 6p,3P2,5p 4d,3D2,E2,15.61764,-0.46126661,-0.45005170,2461.39,4062.75,4.9358E-04
10,12,5s 6p,3P2,5p 4d,3D2,M1,0.55981,-0.46126661,-0.45005170,2461.39,4062.75,2.5211E-02
10,12,5s 6p,3P2,5p 4d,3D2,M3,-859.66463,-0.46126661,-0.45005170,2461.39,4062.75,3.3866E-15
11,1,5s 6p,1P1,5s 5p,3P1,E2,10.96690,-0.46072131,-0.54983927,-19559.13,511.27,1.2853E+01
11,1,5s 6p,1P1,5s 5p,3P1,M1,0.41966,-0.46072131,-0.54983927,-19559.13,511.27,1.1849E+01
11,2,5s 6p,1P1,5s 5p,3P2,E2,7.12255,-0.46072131,-0.54803568,-19163.29,521.83,4.8944E+00
11,2,5s 6p,1P1,5s 5p,3P2,M1,-0.53790,-0.46072131,-0.54803568,-19163.29,521.83,1.8307E+01
11,2,5s 6p,1P1,5s 5p,3P2,M3,480.48527,-0.46072131,-0.54803568,-19163.29,521.83,3.0573E-09
11,3,5s 6p,1P1,5s 5p,1P1,E2,-32.43597,-0.46072131,-0.51754587,-12471.55,801.83,1.1850E+01
11,3,5s 6p,1P1,5s 5p,1P1,M1,0.40875,-0.46072131,-0.51754587,-12471.55,801.83,2.9140E+00
11,4,5s 6p,1P1,5p 4d,3F2,E2,8.96701,-0.46072131,-0.46381246,-678.43,14739.96,4.3141E-07
11,4,5s 6p,1P1,5p 4d,3F2,M1,-0.54732,-0.46072131,-0.46381246,-678.43,14739.96,8.4102E-04
11,4,5s 6p,1P1,5p 4d,3F2,M3,610.15474,-0.46072131,-0.46381246,-678.43,14739.96,3.4363E-19
11,5,5s 6p,1P1,5p 4d,3F3,E2,-5.30221,-0.46072131,-0.46223131,-331.41,30174.43,4.1956E-09
11,5,5s 6p,1P1,5p 4d,3F3,M3,1515.79838,-0.46072131,-0.46223131,-331.41,30174.43,1.4077E-20
11,6,5s 6p,1P1,5s 6p,3P1,E2,91.07794,-0.46072131,-0.46180088,-236.94,42205.19,2.3125E-07
11,6,5s 6p,1P1,5s 6p,3P1,M1,0.07177,-0.46072131,-0.46180088,-236.94,42205.19,6.1608E-07
11,7,5s 6p,1P1,5p 4d,2D2,E2,-10.35409,-0.46072131,-0.46161850,-196.91,50784.87,1.1848E-09
11,7,5s 6p,1P1,5p 4d,2D2,M1,-0.27564,-0.46072131,-0.46161850,-196.91,50784.87,5.2155E-06
11,7,5s 6p,1P1,5p 4d,2D2,M3,-17.07176,-0.46072131,-0.46161850,-196.91,50784.87,4.6677E-26
11,8,5s 6p,1P1,5s 6p,3P2,E2,62.51838,-0.46072131,-0.46126661,-119.68,83556.36,3.5826E-09
11,8,5s 6p,1P1,5s 6p,3P2,M1,-0.91046,-0.46072131,-0.46126661,-119.68,83556.36,1.2776E-05
11,8,5s 6p,1P1,5s 6p,3P2,M3,1503.83112,-0.46072131,-0.46126661,-119.68,83556.36,1.1098E-23
11,9,5s 6p,1P1,5s 6p,1P1,E2,-165.71273,-0.46072131,-0.46072131,0.00,134815853511.57,2.3019E-39
11,9,5s 6p,1P1,5s 6p,1P1,M1,-2.14013,-0.46072131,-0.46072131,0.00,134815853511.57,1.6806E-23
11,10,5s 6p,1P1,5p 4d,3F4,M3,-542.19132,-0.46072131,-0.46071337,1.74,5737348.10,6.6818E-38
11,11,5s 6p,1P1,5p 4d,3D1,E2,-4.75063,-0.46072131,-0.45059879,2221.64,4501.18,4.5598E-05
11,11,5s 6p,1P1,5p 4d,3D1,M1,0.38005,-0.46072131,-0.45059879,2221.64,4501.18,1.4240E-02
11,12,5s 6p,1P1,5p 4d,3D2,E2,14.37009,-0.46072131,-0.45005170,2341.71,4270.38,3.2570E-04
11,12,5s 6p,1P1,5p 4d,3D2,M1,-0.59757,-0.46072131,-0.45005170,2341.71,4270.38,2.4736E-02
11,12,5s 6p,1P1,5p 4d,3D2,M3,622.26283,-0.46072131,-0.45005170,2341.71,4270.38,1.2518E-15
12,1,5p 4d,3F4,5s 5p,3P1,M3,-1126.15647,-0.46071337,-0.54983927,-19560.87,511.22,6.4637E-09
12,2,5p 4d,3F4,5s 5p,3P2,E2,-22.19910,-0.46071337,-0.54803568,-19165.03,521.78,1.5855E+01
12,2,5p 4d,3F4,5s 5p,3P2,M3,659.36092,-0.46071337,-0.54803568,-19165.03,521.78,1.9203E-09
12,3,5p 4d,3F4,5s 5p,1P1,M3,-1134.84996,-0.46071337,-0.51754587,-12473.29,801.71,2.8139E-10
12,4,5p 4d,3F4,5p 4d,3F2,E2,18.84629,-0.46071337,-0.46381246,-680.17,14702.18,6.4343E-07
12,4,5p 4d,3F4,5p 4d,3F2,M3,842.24042,-0.46071337,-0.46381246,-680.17,14702.18,2.2221E-19
12,5,5p 4d,3F4,5p 4d,3F3,E2,-37.24807,-0.46071337,-0.46223131,-333.15,30016.56,7.0853E-08
12,5,5p 4d,3F4,5p 4d,3F3,M1,1.50716,-0.46071337,-0.46223131,-333.15,30016.56,2.5173E-04
12,5,5p 4d,3F4,5p 4d,3F3,M3,-5973.58185,-0.46071337,-0.46223131,-333.15,30016.56,7.5598E-20
12,6,5p 4d,3F4,5s 6p,3P1,M3,-1078.00409,-0.46071337,-0.46180088,-238.68,41896.99,2.3852E-22
12,7,5p 4d,3F4,5p 4d,2D2,E2,13.67040,-0.46071337,-0.46161850,-198.65,50339.29,7.1942E-10
12,7,5p 4d,3F4,5p 4d,2D2,M3,599.85155,-0.46071337,-0.46161850,-198.65,50339.29,2.0432E-23
12,8,5p 4d,3F4,5s 6p,3P2,E2,22.87292,-0.46071337,-0.46126661,-121.42,82356.95,1.7183E-10
12,8,5p 4d,3F4,5s 6p,3P2,M3,731.77814,-0.46071337,-0.46126661,-121.42,82356.95,9.6922E-25
12,9,5p 4d,3F4,5s 6p,1P1,M3,-925.42736,-0.46071337,-0.46072131,-1.74,5737634.86,1.9459E-37
12,10,5p 4d,3F4,5p 4d,3F4,E2,103.63385,-0.46071337,-0.46071337,0.00,773114554817.34,4.8388E-44
12,10,5p 4d,3F4,5p 4d,3F4,M1,17.48279,-0.46071337,-0.46071337,0.00,773114554817.34,1.9824E-24
12,10,5p 4d,3F4,5p 4d,3F4,M3,-868.18109,-0.46071337,-0.46071337,0.00,773114554817.34,2.1236E-73
12,11,5p 4d,3F4,5p 4d,3D1,M3,-969.06920,-0.46071337,-0.45059879,2219.89,4504.72,3.4812E-15
12,12,5p 4d,3F4,5p 4d,3D2,E2,33.34867,-0.46071337,-0.45005170,2339.97,4273.57,1.7476E-03
12,12,5p 4d,3F4,5p 4d,3D2,M3,741.02017,-0.46071337,-0.45005170,2339.97,4273.57,1.7659E-15
